STORE_ID,STORE_NAME,ADDRESS_CITY_NAME,ADDRESS_STATE_PROV_CODE,MSA_CODE,SEG_VALUE_NAME,PARKING_SPACE_QTY,SALES_AREA_SIZE_NUM,AVG_WEEKLY_BASKETS
367,15TH & MADISON,COVINGTON,KY,17140,VALUE,196,24721,12707
389,SILVERLAKE,ERLANGER,KY,17140,MAINSTREAM,408,46073,24767
613,EAST ALLEN,ALLEN,TX,19100,MAINSTREAM,464,64926,29386
623,HOUSTON,HOUSTON,TX,26420,MAINSTREAM,,46930,36741
2277,ANDERSON TOWNE CTR,CINCINNATI,OH,17140,UPSCALE,,81958,54053
2279,MILFORD-MULBERRY,MILFORD,OH,17140,MAINSTREAM,771,44175,23037
2281,BLUE ASH,BLUE ASH,OH,17140,UPSCALE,,68500,32297
2495,PLANTATION PLAZA,CLUTE,TX,26420,MAINSTREAM,407,48462,25507
2505,DICKINSON VILLAGE,DICKINSON,TX,26420,MAINSTREAM,319,41644,14460
2513,HOUSTON,HOUSTON,TX,26420,UPSCALE,,61833,32423
2523,LANDMARK PLACE S/C,GRAND PRAIRIE,TX,19100,VALUE,252,34373,14201
2541,NORWOOD,ARLINGTON,TX,19100,MAINSTREAM,300,29231,11019
4245,LAWRENCEBURG,LAWRENCEBURG,IN,17140,MAINSTREAM,,58563,19275
4259,WARSAW AVENUE,CINCINNATI,OH,17140,VALUE,,48813,31177
4489,SWEETWATER PLAZA,SUGAR LAND,TX,26420,UPSCALE,,49030,21345
4503,ROCKWALL,ROCKWALL,TX,19100,MAINSTREAM,,56230,25289
4521,PARKWAY SQUARE S/C,COLLEGE STATION,TX,17780,MAINSTREAM,418,34628,25633
6179,DEERFIELD TWP,MASON,OH,17140,UPSCALE,,54448,35288
6187,ST. MARYS,SAINT MARYS,OH,47540,MAINSTREAM,,55474,20015
6379,KINGWOOD,KINGWOOD,TX,26420,MAINSTREAM,,50237,20620
6431,AT WARD ROAD,BAYTOWN,TX,26420,VALUE,350,43698,24322
8035,OVER-THE-RHINE,CINCINNATI,OH,17140,VALUE,17,10788,10435
8041,LANDEN,MAINEVILLE,OH,17140,MAINSTREAM,1200,49074,14849
8263,THE WOODLANDS,THE WOODLANDS,TX,26420,UPSCALE,,51055,18877
9825,DENT,CINCINNATI,OH,17140,MAINSTREAM,,54124,29916
10019,AT EASTEX FRWY,HOUSTON,TX,26420,VALUE,221,35675,19068
11757,INDEPENDENCE,INDEPENDENCE,KY,17140,MAINSTREAM,,32943,16904
11761,MIAMI TOWNSHIP,LOVELAND,OH,17140,UPSCALE,,53905,23348
11967,NORTHBOROUGH SQ,HOUSTON,TX,26420,VALUE,294,25072,15916
11993,DALLAS,DALLAS,TX,19100,UPSCALE,,57741,26101
12011,SHERMAN,SHERMAN,TX,43300,MAINSTREAM,,41325,23153
13609,VANDALIA,VANDALIA,OH,19380,MAINSTREAM,,55663,21232
13827,BEAUMONT,BEAUMONT,TX,13140,MAINSTREAM,,50766,26001
13837,MAGNOLIA,MAGNOLIA,TX,26420,MAINSTREAM,,49164,27262
13853,RICHARDSON,RICHARDSON,TX,19100,MAINSTREAM,,53586,15787
13859,MCKINNEY,MCKINNEY,TX,19100,MAINSTREAM,,47824,15345
15531,GOSHEN,GOSHEN,OH,17140,VALUE,,33667,13344
15541,LOVELAND,LOVELAND,OH,17140,MAINSTREAM,326,38858,18665
15547,WOODLAWN,CINCINNATI,OH,17140,MAINSTREAM,,48132,27358
15755,KROGER JUNCTION S/C,PASADENA,TX,26420,VALUE,351,34373,18291
15763,WOODLANDS,WOODLANDS,TX,26420,UPSCALE,,47530,12176
15765,CYPRESS TOWN CENTER,HOUSTON,TX,26420,MAINSTREAM,,49068,25351
17599,KEARNEY,MESQUITE,TX,19100,VALUE,300,36994,15134
17615,SUGARLAND,SUGAR LAND,TX,26420,MAINSTREAM,,48632,32491
17627,FLOWER MOUND,FLOWER MOUND,TX,19100,MAINSTREAM,513,59213,18197
19265,LATONIA,COVINGTON,KY,17140,MAINSTREAM,,55685,31578
19521,SOUTHLAKE,SOUTHLAKE,TX,19100,UPSCALE,,47757,14052
19523,DUNCANVILLE,DUNCANVILLE,TX,19100,VALUE,400,48594,24568
19533,DENTON,DENTON,TX,19100,MAINSTREAM,,48330,28243
21213,MT. CARMEL,CINCINNATI,OH,17140,MAINSTREAM,,46630,14512
21221,MIDDLETOWN,MIDDLETOWN,OH,17140,VALUE,,48128,17010
21227,LIBERTY TWP,MIDDLETOWN,OH,17140,UPSCALE,,85710,34875
21237,LEBANON,LEBANON,OH,17140,MAINSTREAM,,86517,38465
21479,WOOD FOREST S/C,HOUSTON,TX,26420,VALUE,,49104,29436
21485,HOUSTON,KATY,TX,26420,MAINSTREAM,,46369,26472
23055,WALNUT HILLS/PEEBLES,CINCINNATI,OH,17140,VALUE,239,22920,13000
23061,LIBERTY TWP.,HAMILTON,OH,17140,MAINSTREAM,,42437,16591
23067,WHIPP & BIGGER,KETTERING,OH,19380,MAINSTREAM,230,37319,14556
23075,TYLERSVILLE,WEST CHESTER,OH,17140,MAINSTREAM,564,51105,18842
23327,HOUSTON,HOUSTON,TX,26420,MAINSTREAM,,50722,30258
23345,FRISCO,FRISCO,TX,19100,UPSCALE,,46369,21947
23349,GARLAND,GARLAND,TX,19100,VALUE,,46212,27823
24991,HYDE PARK,CINCINNATI,OH,17140,UPSCALE,1859,77730,50619
25001,PINEWOOD,DAYTON,OH,19380,VALUE,351,34177,18035
25021,HAMILTON,HAMILTON,OH,17140,VALUE,1441,62961,34191
25027,CINCINNATI,CINCINNATI,OH,17140,MAINSTREAM,,62656,43893
25229,CYPRESS,CYPRESS,TX,26420,MAINSTREAM,,59241,34977
25233,ANTOINE TOWN CENTER,HOUSTON,TX,26420,VALUE,,46369,35788
25253,HIGHWAY 75,MCKINNEY,TX,19100,MAINSTREAM,,33931,11934
25261,CROWLEY,CROWLEY,TX,19100,MAINSTREAM,,46368,26189
26973,MAINEVILLE,MAINEVILLE,OH,17140,MAINSTREAM,,48128,28241
26981,SPRINGFIELD,SPRINGFIELD,OH,44220,MAINSTREAM,,42081,25122
26983,DAYTON,DAYTON,OH,19380,VALUE,,48782,31461
27175,KATY,KATY,TX,26420,UPSCALE,,50224,24902
28909,MIDDLETOWN,MIDDLETOWN,OH,17140,MAINSTREAM,,85876,28986
29159,CARROLLTON,CARROLLTON,TX,19100,MAINSTREAM,,54927,25917